email,lastName,firstName,dob,gender,role,faculty,studentClass
teacher1@example.com,Nguyễn Thị,Giang,1976-01-15,Nữ,ROLE_TEACHER,1,
teacher2@example.com,Trần Văn,Dũng,1982-05-20,Nam,ROLE_TEACHER,1,
teacher3@example.com,Phạm Thị,Anh,1988-08-10,Nữ,ROLE_TEACHER,1,
teacher4@example.com,Lê Văn,Thành,1990-11-25,Nam,ROLE_TEACHER,1,
teacher5@example.com,Hoàng Thị,Linh,1995-04-30,Nữ,ROLE_TEACHER,1,
teacher6@example.com,Nguyễn Thị,Hoài,1976-02-15,Nữ,ROLE_TEACHER,2,
teacher7@example.com,Trần Văn,Minh,1982-06-20,Nam,ROLE_TEACHER,2,
teacher8@example.com,Phạm Văn,Quang,1988-09-10,Nam,ROLE_TEACHER,2,
teacher9@example.com,Lê Thị,Diệp,1990-12-25,Nữ,ROLE_TEACHER,2,
teacher10@example.com,Hoàng Văn,Việt,1995-05-30,Nam,ROLE_TEACHER,2,
teacher51@example.com,Nguyễn Thị,Hương,1976-01-15,Nữ,ROLE_TEACHER,3,
teacher52@example.com,Trần Văn,Lợi,1982-05-20,Nam,ROLE_TEACHER,3,
teacher53@example.com,Phạm Thị,Quỳnh,1988-08-10,Nữ,ROLE_TEACHER,3,
teacher54@example.com,Lê Văn,Điệp,1990-11-25,Nam,ROLE_TEACHER,3,
teacher55@example.com,Hoàng Văn,Việt,1995-04-30,Nam,ROLE_TEACHER,3,
teacher56@example.com,Nguyễn Thị,Thu,1976-02-15,Nữ,ROLE_TEACHER,4,
teacher57@example.com,Trần Văn,Lực,1982-06-20,Nam,ROLE_TEACHER,4,
teacher58@example.com,Phạm Văn,Sơn,1988-09-10,Nam,ROLE_TEACHER,4,
teacher59@example.com,Lê Thị,Phượng,1990-12-25,Nữ,ROLE_TEACHER,4,
teacher60@example.com,Hoàng Văn,Đông,1995-05-30,Nam,ROLE_TEACHER,4
teacher61@example.com,Nguyễn Thị,Ánh,1976-03-15,Nữ,ROLE_TEACHER,5,
teacher62@example.com,Trần Văn,Chí,1982-07-20,Nam,ROLE_TEACHER,5,
teacher63@example.com,Phạm Thị,Hoàn,1988-10-10,Nữ,ROLE_TEACHER,5,
teacher64@example.com,Lê Văn,Minh,1991-01-25,Nam,ROLE_TEACHER,5,
teacher65@example.com,Hoàng Thị,Diệu,1995-06-30,Nữ,ROLE_TEACHER,5,
teacher66@example.com,Nguyễn Văn,Quang,1976-04-15,Nam,ROLE_TEACHER,6,
teacher67@example.com,Trần Thị,Hà,1982-08-20,Nữ,ROLE_TEACHER,6,
teacher68@example.com,Phạm Đình,Quân,1988-11-10,Nam,ROLE_TEACHER,6,
teacher69@example.com,Lê Thị,Thuận,1991-02-25,Nữ,ROLE_TEACHER,6,
teacher70@example.com,Hoàng Văn,Bửu,1995-07-30,Nam,ROLE_TEACHER,6,
teacher71@example.com,Nguyễn Thị,Kim,1976-05-15,Nữ,ROLE_TEACHER,7,
teacher72@example.com,Trần Văn,Hoài,1982-09-20,Nam,ROLE_TEACHER,7,
teacher73@example.com,Phạm Văn,Phát,1988-12-10,Nam,ROLE_TEACHER,7,
teacher74@example.com,Lê Thị,Hương,1991-03-25,Nữ,ROLE_TEACHER,7,
teacher75@example.com,Hoàng Văn,Sơn,1995-08-30,Nam,ROLE_TEACHER,7,
teacher76@example.com,Nguyễn Thị,Diệu,1976-06-15,Nữ,ROLE_TEACHER,8,
teacher77@example.com,Trần Văn,Tiến,1982-10-20,Nam,ROLE_TEACHER,8,
teacher78@example.com,Phạm Thị,Anh,1989-01-10,Nữ,ROLE_TEACHER,8,
teacher79@example.com,Lê Văn,Phúc,1991-04-25,Nam,ROLE_TEACHER,8,
teacher80@example.com,Hoàng Văn,Bình,1995-09-30,Nam,ROLE_TEACHER,8,
teacher81@example.com,Nguyễn Thị,Mai,1976-07-15,Nữ,ROLE_TEACHER,9,
teacher82@example.com,Trần Văn,Phong,1982-11-20,Nam,ROLE_TEACHER,9,
teacher83@example.com,Phạm Thị,Hạnh,1989-02-10,Nữ,ROLE_TEACHER,9,
teacher84@example.com,Lê Văn,Hoàng,1991-05-25,Nam,ROLE_TEACHER,9,
teacher85@example.com,Hoàng Thị,Quỳnh,1995-10-30,Nữ,ROLE_TEACHER,9,
teacher86@example.com,Nguyễn Văn,Đức,1976-08-15,Nam,ROLE_TEACHER,10,
teacher87@example.com,Trần Thị,Ngọc,1982-12-20,Nữ,ROLE_TEACHER,10,
teacher88@example.com,Phạm Văn,Sang,1989-03-10,Nam,ROLE_TEACHER,10,
teacher89@example.com,Lê Văn,Khoa,1991-06-25,Nam,ROLE_TEACHER,10,
teacher90@example.com,Hoàng Thị,Trâm,1995-11-30,Nữ,ROLE_TEACHER,10,
teacher91@example.com,Nguyễn Thị,Phương,1976-09-15,Nữ,ROLE_TEACHER,11,
teacher92@example.com,Trần Văn,Kiên,1983-01-20,Nam,ROLE_TEACHER,11,
teacher93@example.com,Phạm Văn,Anh,1989-04-10,Nam,ROLE_TEACHER,11,
teacher94@example.com,Lê Thị,Bích,1991-07-25,Nữ,ROLE_TEACHER,11,
teacher95@example.com,Hoàng Văn,Trọng,1995-12-30,Nam,ROLE_TEACHER,11,
teacher96@example.com,Nguyễn Thị,Thuỳ,1976-10-15,Nữ,ROLE_TEACHER,12,
teacher97@example.com,Trần Văn,Chung,1983-02-20,Nam,ROLE_TEACHER,12,
teacher98@example.com,Phạm Văn,Đoàn,1989-05-10,Nam,ROLE_TEACHER,12,
teacher99@example.com,Lê Thị,Hoàn,1991-08-25,Nữ,ROLE_TEACHER,12,
teacher100@example.com,Hoàng Văn,Sơn,1996-01-30,Nam,ROLE_TEACHER,12,
